Department,PO
DEPT_01,4500012345
DEPT_02,4500012345
DEPT_03,4500012345
DEPT_04,4500012346
DEPT_05,4500012346
DEPT_06,4500012346
DEPT_07,4500012347
DEPT_08,4500012347
DEPT_09,4500012347
DEPT_10,4500012348
DEPT_11,4500012348
DEPT_12,4500012348
DEPT_13,4500012349
DEPT_14,4500012349
DEPT_15,4500012349
